{
  "hosting": {
    "site": "youth-mental-hub",
    "public": "dist",
    "ignore": [
      "firebase.json",
      "**/.*",
      "**/node_modules/**"
    ],
    "headers": [
      {
        "source": "**/*.@(js|css)",
        "headers": [
          { "key": "Cache-Control", "value": "public, max-age=31536000, immutable" }
        ]
      },
      {
        "source": "**/*.@(png|jpg|jpeg|gif|svg|webp)",
        "headers": [
          { "key": "Cache-Control", "value": "public, max-age=31536000, immutable" }
        ]
      }
    ],
    "rewrites": [
      { "source": "**", "destination": "/index.html" }
    ]
  },
  "functions": [
    {
      "source": "functions",
      "codebase": "default",
      "runtime": "nodejs20",
      "ignore": [
        "node_modules",
        ".git",
        "firebase-debug.log",
        "firebase-debug.*.log",
        "*.local"
      ],
      "predeploy": [
        "npm --prefix \"$RESOURCE_DIR\" run lint || echo \"lint skipped\""
      ]
    }
  ]
}
